model,value
C1 --- Nokia,null
2.3 --- Nokia,null
7.2 --- Nokia,null
6.2 --- Nokia,null
800 Tough --- Nokia,null
2720 Flip --- Nokia,null
220 4G --- Nokia,null
110 (2019) --- Nokia,null
105 (2019) --- Nokia,null
3.1 C --- Nokia,null
3.1 A --- Nokia,null
2.2 --- Nokia,null
X71 --- Nokia,null
9 PureView --- Nokia,null
4.2 --- Nokia,null
3.2 --- Nokia,null
1 Plus --- Nokia,null
210 --- Nokia,null
8.1 (Nokia X7) --- Nokia,null
106 (2018) --- Nokia,null
3.1 Plus --- Nokia,null
7.1 --- Nokia,null
6.1 Plus (Nokia X6) --- Nokia,null
5.1 Plus (Nokia X5) --- Nokia,null
5.1 --- Nokia,null
3.1 --- Nokia,null
2.1 --- Nokia,null
8110 4G --- Nokia,null
8 Sirocco --- Nokia,null
7 plus --- Nokia,null
6.1 --- Nokia,null
1 --- Nokia,null
3310 4G --- Nokia,null
2 --- Nokia,null
7 --- Nokia,null
3310 3G --- Nokia,null
8 --- Nokia,null
105 (2017) --- Nokia,null
130 (2017) --- Nokia,null
3 --- Nokia,null
5 --- Nokia,null
6 --- Nokia,null
3310 (2017) --- Nokia,null
150 --- Nokia,null
216 --- Nokia,null
230 Dual SIM --- Nokia,null
230 --- Nokia,null
222 Dual SIM --- Nokia,null
222 --- Nokia,null
105 Dual SIM (2015) --- Nokia,null
105 (2015) --- Nokia,null
215 --- Nokia,null
215 Dual SIM --- Nokia,null
Lumia 638 --- Nokia,null
N1 --- Nokia,null
Lumia 730 Dual SIM --- Nokia,null
Lumia 735 --- Nokia,null
Lumia 830 --- Nokia,null
130 Dual SIM --- Nokia,null
130 --- Nokia,null
Lumia 530 Dual SIM --- Nokia,null
Lumia 530 --- Nokia,null
X2 Dual SIM --- Nokia,null
225 --- Nokia,null
225 Dual SIM --- Nokia,null
Lumia 930 --- Nokia,null
Lumia 635 --- Nokia,null
Lumia 630 Dual SIM --- Nokia,null
Lumia 630 --- Nokia,null
XL --- Nokia,null
X+ --- Nokia,null
X --- Nokia,null
Asha 230 --- Nokia,null
220 --- Nokia,null
Lumia Icon --- Nokia,null
Lumia 525 --- Nokia,null
Lumia 1520 --- Nokia,null
Lumia 1320 --- Nokia,null
Lumia 2520 --- Nokia,null
Asha 503 Dual SIM --- Nokia,null
Asha 503 --- Nokia,null
Asha 502 Dual SIM --- Nokia,null
Asha 500 Dual SIM --- Nokia,null
Asha 500 --- Nokia,null
108 Dual SIM --- Nokia,null
515 --- Nokia,null
107 Dual SIM --- Nokia,null
106 --- Nokia,null
Lumia 625 --- Nokia,null
Lumia 1020 --- Nokia,null
208 --- Nokia,null
207 --- Nokia,null
Lumia 925 --- Nokia,null
Lumia 928 --- Nokia,null
Asha 501 --- Nokia,null
Asha 210 --- Nokia,null
Lumia 720 --- Nokia,null
Lumia 520 --- Nokia,null
301 --- Nokia,null
105 --- Nokia,null
Asha 310 --- Nokia,null
Lumia 505 --- Nokia,null
Lumia 620 --- Nokia,null
114 --- Nokia,null
206 --- Nokia,null
Asha 205 --- Nokia,null
109 --- Nokia,null
Lumia 822 --- Nokia,null
Lumia 510 --- Nokia,null
Lumia 810 --- Nokia,null
Asha 309 --- Nokia,null
Asha 308 --- Nokia,null
Lumia 920 --- Nokia,null
Lumia 820 --- Nokia,null
Asha 311 --- Nokia,null
Asha 306 --- Nokia,null
Asha 305 --- Nokia,null
113 --- Nokia,null
112 --- Nokia,null
111 --- Nokia,null
110 --- Nokia,null
Lumia 610 NFC --- Nokia,null
103 --- Nokia,null
808 PureView --- Nokia,null
800c --- Nokia,null
Lumia 610 --- Nokia,null
Asha 302 --- Nokia,null
Asha 203 --- Nokia,null
Asha 202 --- Nokia,null
Lumia 900 --- Nokia,null
Lumia 900 AT&T --- Nokia,null
801T --- Nokia,null
X2-02 --- Nokia,null
Lumia 800 --- Nokia,null
Lumia 710 T-Mobile --- Nokia,null
Lumia 710 --- Nokia,null
Asha 303 --- Nokia,null
Asha 300 --- Nokia,null
Asha 201 --- Nokia,null
Asha 200 --- Nokia,null
603 --- Nokia,null
C2-05 --- Nokia,null
X2-05 --- Nokia,null
C5-06 --- Nokia,null
C5-05 --- Nokia,null
C5-04 --- Nokia,null
101 --- Nokia,null
100 --- Nokia,null
701 --- Nokia,null
700 --- Nokia,null
600 --- Nokia,null
C3-01 Gold Edition --- Nokia,null
500 --- Nokia,null
N9 --- Nokia,null
C5 5MP --- Nokia,null
C2-06 --- Nokia,null
C2-03 --- Nokia,null
C2-02 --- Nokia,null
702T --- Nokia,null
T7 --- Nokia,null
N950 --- Nokia,null
Oro --- Nokia,null
X1-01 --- Nokia,null
X7-00 --- Nokia,null
E6 --- Nokia,null
C7 Astound --- Nokia,null
X1-00 --- Nokia,null
X2-01 --- Nokia,null
C2-01 --- Nokia,null
C5-03 --- Nokia,null
E7 --- Nokia,null
C6-01 --- Nokia,null
C7 --- Nokia,null
C3-01 Touch and Type --- Nokia,null
5250 --- Nokia,null
X3 Touch and Type S --- Nokia,null
X3-02 Touch and Type --- Nokia,null
X6 8GB (2010) --- Nokia,null
X5-01 --- Nokia,null
5233 --- Nokia,null
E73 Mode --- Nokia,null
C2-00 --- Nokia,null
C1-02 --- Nokia,null
C1-01 --- Nokia,null
C1-00 --- Nokia,null
N8 --- Nokia,null
X2-00 --- Nokia,null
C6 --- Nokia,null
E5 --- Nokia,null
C3 --- Nokia,null
C5 --- Nokia,null
C5 TD-SCDMA --- Nokia,null
X5 TD-SCDMA --- Nokia,null
6303i classic --- Nokia,null
5132 XpressMusic --- Nokia,null
X6 16GB (2010) --- Nokia,null
2710 Navigation Edition --- Nokia,null
X6 (2009) --- Nokia,null
6700 slide --- Nokia,null
7230 --- Nokia,null
5330 Mobile TV Edition --- Nokia,null
2690 --- Nokia,null
2220 slide --- Nokia,null
1800 --- Nokia,null
1616 --- Nokia,null
1280 --- Nokia,null
5235 Comes With Music --- Nokia,null
6788 --- Nokia,null
N97 mini --- Nokia,null
X3 --- Nokia,null
N900 --- Nokia,null
5230 --- Nokia,null
3208c --- Nokia,null
5800 Navigation Edition --- Nokia,null
6350 --- Nokia,null
Mural --- Nokia,null
6760 slide --- Nokia,null
6790 Surge --- Nokia,null
3720 classic --- Nokia,null
5530 XpressMusic --- Nokia,null
E72 --- Nokia,null
3710 fold --- Nokia,null
6730 classic --- Nokia,null
6600i slide --- Nokia,null
7020 --- Nokia,null
2720 fold --- Nokia,null
2730 classic --- Nokia,null
E52 --- Nokia,null
6216 classic --- Nokia,null
5730 XpressMusic --- Nokia,null
5330 XpressMusic --- Nokia,null
5030 XpressRadio --- Nokia,null
N86 8MP --- Nokia,null
E75 --- Nokia,null
E55 --- Nokia,null
6720 classic --- Nokia,null
6710 Navigator --- Nokia,null
5630 XpressMusic --- Nokia,null
6700 classic --- Nokia,null
6303 classic --- Nokia,null
2700 classic --- Nokia,null
6208c --- Nokia,null
8800 Gold Arte --- Nokia,null
N97 --- Nokia,null
6260 slide --- Nokia,null
E63 --- Nokia,null
7100 Supernova --- Nokia,null
5130 XpressMusic --- Nokia,null
2330 classic --- Nokia,null
2323 classic --- Nokia,null
1662 --- Nokia,null
1661 --- Nokia,null
1202 --- Nokia,null
5800 XpressMusic --- Nokia,null
N85 --- Nokia,null
N79 --- Nokia,null
8800 Carbon Arte --- Nokia,null
3610 fold --- Nokia,null
7610 Supernova --- Nokia,null
7510 Supernova --- Nokia,null
7310 Supernova --- Nokia,null
7210 Supernova --- Nokia,null
E71 --- Nokia,null
E66 --- Nokia,null
6600 fold --- Nokia,null
703 --- Nokia,null
6600 slide --- Nokia,null
3600 slide --- Nokia,null
5320 XpressMusic --- Nokia,null
5220 XpressMusic --- Nokia,null
6212 classic --- Nokia,null
5000 --- Nokia,null
7070 Prism --- Nokia,null
2680 slide --- Nokia,null
1680 classic --- Nokia,null
6300i --- Nokia,null
N96 --- Nokia,null
N78 --- Nokia,null
6220 classic --- Nokia,null
6210 Navigator --- Nokia,null
6124 classic --- Nokia,null
6650 fold --- Nokia,null
3555 --- Nokia,null
3120 classic --- Nokia,null
7900 Crystal Prism --- Nokia,null
2600 classic --- Nokia,null
1209 --- Nokia,null
3110 Evolve --- Nokia,null
N82 --- Nokia,null
8800 Sapphire Arte --- Nokia,null
8800 Arte --- Nokia,null
6301 --- Nokia,null
E51 --- Nokia,null
E51 camera-free --- Nokia,null
6263 --- Nokia,null
N81 8GB --- Nokia,null
N81 --- Nokia,null
N95 8GB --- Nokia,null
5610 XpressMusic --- Nokia,null
5310 XpressMusic --- Nokia,null
6555 --- Nokia,null
7900 Prism --- Nokia,null
7500 Prism --- Nokia,null
8600 Luna --- Nokia,null
6500 slide --- Nokia,null
6500 classic --- Nokia,null
N810 --- Nokia,null
3500 classic --- Nokia,null
2630 --- Nokia,null
N87 --- Nokia,null
6267 --- Nokia,null
2760 --- Nokia,null
2660 --- Nokia,null
1650 --- Nokia,null
1208 --- Nokia,null
1200 --- Nokia,null
6120 classic --- Nokia,null
6121 classic --- Nokia,null
5700 --- Nokia,null
5070 --- Nokia,null
E90 --- Nokia,null
E65 --- Nokia,null
E61i --- Nokia,null
N77 --- Nokia,null
6110 Navigator --- Nokia,null
N800 --- Nokia,null
3109 classic --- Nokia,null
3110 classic --- Nokia,null
N76 --- Nokia,null
N93i --- Nokia,null
6290 --- Nokia,null
6086 --- Nokia,null
6300 --- Nokia,null
2626 --- Nokia,null
N95 --- Nokia,null
N75 --- Nokia,null
5300 --- Nokia,null
5200 --- Nokia,null
6288 --- Nokia,null
6085 --- Nokia,null
8800 Sirocco --- Nokia,null
7390 --- Nokia,null
7373 --- Nokia,null
6151 --- Nokia,null
6080 --- Nokia,null
1110i --- Nokia,null
E50 --- Nokia,null
5500 Sport --- Nokia,null
N93 --- Nokia,null
N73 --- Nokia,null
N72 --- Nokia,null
2610 --- Nokia,null
2310 --- Nokia,null
1112 --- Nokia,null
6136 --- Nokia,null
6133 --- Nokia,null
6131 NFC --- Nokia,null
6131 --- Nokia,null
6126 --- Nokia,null
6070 --- Nokia,null
6125 --- Nokia,null
6103 --- Nokia,null
6233 --- Nokia,null
6234 --- Nokia,null
6282 --- Nokia,null
9300i --- Nokia,null
N92 --- Nokia,null
N80 --- Nokia,null
N71 --- Nokia,null
7380 --- Nokia,null
7370 --- Nokia,null
7360 --- Nokia,null
E70 --- Nokia,null
E62 --- Nokia,null
E61 --- Nokia,null
E60 --- Nokia,null
3250 --- Nokia,null
6708 --- Nokia,null
6280 --- Nokia,null
6270 --- Nokia,null
6111 --- Nokia,null
6060 --- Nokia,null
N91 --- Nokia,null
N90 --- Nokia,null
N70 --- Nokia,null
2652 --- Nokia,null
1600 --- Nokia,null
1110 --- Nokia,null
1101 --- Nokia,null
5140i --- Nokia,null
8800 --- Nokia,null
6230i --- Nokia,null
6021 --- Nokia,null
6030 --- Nokia,null
6680 --- Nokia,null
6681 --- Nokia,null
6101 --- Nokia,null
6822 --- Nokia,null
7710 --- Nokia,null
6020 --- Nokia,null
3230 --- Nokia,null
6670 --- Nokia,null
7280 --- Nokia,null
7270 --- Nokia,null
7260 --- Nokia,null
9300 --- Nokia,null
6630 --- Nokia,null
6260 --- Nokia,null
6170 --- Nokia,null
3128 --- Nokia,null
2650 --- Nokia,null
2600 --- Nokia,null
3220 --- Nokia,null
N-Gage QD --- Nokia,null
3120 --- Nokia,null
7610 --- Nokia,null
9500 --- Nokia,null
5140 --- Nokia,null
6610i --- Nokia,null
3108 --- Nokia,null
7700 --- Nokia,null
7200 --- Nokia,null
6230 --- Nokia,null
6820 --- Nokia,null
6810 --- Nokia,null
3660 --- Nokia,null
7600 --- Nokia,null
3200 --- Nokia,null
2300 --- Nokia,null
1100 --- Nokia,null
6620 --- Nokia,null
6600 --- Nokia,null
3100 --- Nokia,null
7250i --- Nokia,null
6108 --- Nokia,null
6220 --- Nokia,null
3300 --- Nokia,null
N-Gage --- Nokia,null
7250 --- Nokia,null
8910i --- Nokia,null
6800 --- Nokia,null
6100 --- Nokia,null
5100 --- Nokia,null
2100 --- Nokia,null
6650 --- Nokia,null
3650 --- Nokia,null
3530 --- Nokia,null
3510i --- Nokia,null
6610 --- Nokia,null
3610 --- Nokia,null
9210i Communicator --- Nokia,null
7210 --- Nokia,null
6310i --- Nokia,null
3510 --- Nokia,null
3410 --- Nokia,null
7650 --- Nokia,null
8910 --- Nokia,null
6510 --- Nokia,null
6500 --- Nokia,null
8855 --- Nokia,null
5210 --- Nokia,null
5510 --- Nokia,null
8310 --- Nokia,null
6310 --- Nokia,null
3350 --- Nokia,null
3330 --- Nokia,null
8250 --- Nokia,null
9210 Communicator --- Nokia,null
3310 --- Nokia,null
8890 --- Nokia,null
8210 --- Nokia,null
8850 --- Nokia,null
6250 --- Nokia,null
8810 --- Nokia,null
6210 --- Nokia,null
7110 --- Nokia,null
9110i Communicator --- Nokia,null
9000 Communicator --- Nokia,null
3210 --- Nokia,null
6150 --- Nokia,null
8.1 Plus --- Nokia,null
5110 --- Nokia,null
8110 --- Nokia,null
6110 --- Nokia,null
2110 --- Nokia,null
3110 --- Nokia,null
R600 --- alcatel,null
T68 --- alcatel,null
T66 --- alcatel,null
T65 --- alcatel,null
T39 --- alcatel,null
A3618 --- alcatel,null
T29s --- alcatel,null
R520m --- alcatel,null
T20e --- alcatel,null
A2628 --- alcatel,null
T20s --- alcatel,null
T36 --- alcatel,null
R380 --- alcatel,null
R320 --- alcatel,null
R310s --- alcatel,null
A2618 --- alcatel,null
R250s PRO --- alcatel,null
T28 World --- alcatel,null
T28s --- alcatel,null
T18s --- alcatel,null
T10s --- alcatel,null
A1018s --- alcatel,null
I 888 --- alcatel,null
SH 888 --- alcatel,null
S 868 --- alcatel,null
GF 788e --- alcatel,null
GF 788 --- alcatel,null
PF 768 --- alcatel,null
GF 768 --- alcatel,null
GH 688 --- alcatel,null
GA 628 --- alcatel,null
GF 388 --- alcatel,null
GH 388 --- alcatel,null
GS 337 --- alcatel,null
GF 337 --- alcatel,null
GH 337 --- alcatel,null
GA 318 --- alcatel,null
GS 18 --- alcatel,null
GO 118 --- alcatel,null
GH 218 --- alcatel,null
AL21 --- Benefon,null
A31 --- Benefon,null
AF51 --- Benefon,null
ME75 --- Benefon,null
AP75 --- Benefon,null
AX72 --- Benefon,null
SG75 --- Benefon,null
SFG75 --- Benefon,null
CC75 --- Benefon,null
CF110 --- Benefon,null
C72 --- Benefon,null
S75 --- Benefon,null
SL75 --- Benefon,null
C75 --- Benefon,null
SP65 --- Benefon,null
SXG75 --- Benefon,null
M75 --- Benefon,null
CX75 --- Benefon,null
CF75 --- Benefon,null
CL75 --- Benefon,null
AX75 --- Benefon,null
A75 --- Benefon,null
A70 --- Benefon,null
SF65 --- Benefon,null
CX70 Emoty --- Benefon,null
CX70 --- Benefon,null
SX66 --- Benefon,null
SK65 --- Benefon,null
A65 --- Benefon,null
A62 --- Benefon,null
A51 --- Benefon,null
SL65 --- Benefon,null
CFX65 --- Benefon,null
S65 --- Benefon,null
M65 --- Benefon,null
C65 --- Benefon,null
CXT65 --- Benefon,null
CX65 --- Benefon,null
CF62 --- Benefon,null
A57 --- Benefon,null
PenPhone --- Benefon,null
ST60 --- Benefon,null
CL55 --- Benefon,null
Xelibri 8 --- Benefon,null
Xelibri 7 --- Benefon,null
Xelibri 6 --- Benefon,null
Xelibri 5 --- Benefon,null
U15 --- Benefon,null
C62 --- Benefon,null
A60 --- Benefon,null
SX1 --- Benefon,null
ST55 --- Benefon,null
MC60 --- Benefon,null
C60 --- Benefon,null
Xelibri 1 --- Benefon,null
Xelibri 2 --- Benefon,null
Xelibri 3 --- Benefon,null
Xelibri 4 --- Benefon,null
U10 --- Benefon,null
A52 --- Benefon,null
M55 --- Benefon,null
A55 --- Benefon,null
SL55 --- Benefon,null
S55 --- Benefon,null
CL50 --- Benefon,null
C55 --- Benefon,null
A50 --- Benefon,null
M50 --- Benefon,null
S45i --- Benefon,null
SX45 --- Benefon,null
SL45i --- Benefon,null
SL42 --- Benefon,null
ME45 --- Benefon,null
S45 --- Benefon,null
C45 --- Benefon,null
SL45 --- Benefon,null
S40 --- Benefon,null
S35i --- Benefon,null
M35i --- Benefon,null
C35i --- Benefon,null
C35 --- Benefon,null
A40 --- Benefon,null
A36 --- Benefon,null
A35 --- Benefon,null
S25 --- Benefon,null
M30 --- Benefon,null
C28 --- Benefon,null
C25 --- Benefon,null
SL10 --- Benefon,null
S10 active --- Benefon,null
S10 --- Benefon,null
S11 --- Benefon,null
C10 --- Benefon,null
C11 --- Benefon,null
One Hyper --- Samsung,null
Razr 2019 --- Samsung,null
Moto G8 Play --- Samsung,null
Moto E6 Play --- Samsung,null
Moto G8 Plus --- Samsung,null
One Macro --- Samsung,null
Moto E6 Plus --- Samsung,null
One Zoom --- Samsung,null
One Action --- Samsung,null
Moto E6 --- Samsung,null
Moto Z4 --- Samsung,null
One Vision --- Samsung,null
Moto G7 Plus --- Samsung,null
Moto G7 --- Samsung,null
Moto G7 Power --- Samsung,null
Moto G7 Play --- Samsung,null
One (P30 Play) --- Samsung,null
One Power (P30 Note) --- Samsung,null
Moto Z3 --- Samsung,null
Moto Z3 Play --- Samsung,null
Moto E5 Cruise --- Samsung,null
Moto E5 Play Go --- Samsung,null
Moto E5 Play --- Samsung,null
Moto E5 Plus --- Samsung,null
Moto E5 --- Samsung,null
Moto G6 Play --- Samsung,null
P30 --- Samsung,null
Moto G6 Plus --- Samsung,null
Moto G6 --- Samsung,null
Moto X4 --- Samsung,null
Moto X5 --- Samsung,null
Moto G5S Plus --- Samsung,null
Moto G5S --- Samsung,null
Moto Z2 Force --- Samsung,null
Moto E4 Plus --- Samsung,null
Moto E4 Plus (USA) --- Samsung,null
Moto E4 --- Samsung,null
Moto E4 (USA) --- Samsung,null
Moto Z2 Play --- Samsung,null
Moto C Plus --- Samsung,null
Moto C --- Samsung,null
Moto G5 Plus --- Samsung,null
Moto G5 --- Samsung,null
Moto M --- Samsung,null
Moto E3 Power --- Samsung,null
Moto Z Play --- Samsung,null
Moto E3 --- Samsung,null
Moto Z Force --- Samsung,null
Moto Z --- Samsung,null
Moto G4 Plus --- Samsung,null
Moto G4 --- Samsung,null
Moto G4 Play --- Samsung,null
Moto G Turbo --- Samsung,null
Moto X Force --- Samsung,null
Droid Turbo 2 --- Samsung,null
Droid Maxx 2 --- Samsung,null
Moto X Style --- Samsung,null
Moto X Play Dual SIM --- Samsung,null
Moto X Play --- Samsung,null
Moto G Dual SIM (3rd gen) --- Samsung,null
Moto 360 Sport (1st gen) --- Samsung,null
Moto 360 42mm (2nd gen) --- Samsung,null
Moto 360 46mm (2nd gen) --- Samsung,null
Moto 360 (1st gen) --- Samsung,null
Moto G (3rd gen) --- Samsung,null
Moto E Dual SIM (2nd gen) --- Samsung,null
Moto E (2nd gen) --- Samsung,null
Moto G 4G (2nd gen) --- Samsung,null
Moto G 4G Dual SIM (2nd gen) --- Samsung,null
Moto Maxx --- Samsung,null
DROID Turbo --- Samsung,null
Nexus 6 --- Samsung,null
Moto X (2nd Gen) --- Samsung,null
Moto G Dual SIM (2nd gen) --- Samsung,null
Moto G (2nd gen) --- Samsung,null
Moto G 4G --- Samsung,null
Luge --- Samsung,null
Moto E --- Samsung,null
Moto E Dual SIM --- Samsung,null
Moto G Dual SIM --- Samsung,null
Moto G --- Samsung,null
Moto X --- Samsung,null
DROID Ultra --- Samsung,null
DROID Maxx --- Samsung,null
DROID Mini --- Samsung,null
RAZR D3 XT919 --- Samsung,null
RAZR D1 --- Samsung,null
Electrify M XT905 --- Samsung,null
RAZR i XT890 --- Samsung,null
DROID RAZR MAXX HD --- Samsung,null
DROID RAZR HD --- Samsung,null
RAZR HD XT925 --- Samsung,null
DROID RAZR M --- Samsung,null
RAZR M XT905 --- Samsung,null
DEFY XT XT556 --- Samsung,null
Electrify 2 XT881 --- Samsung,null
Photon Q 4G LTE XT897 --- Samsung,null
Defy Pro XT560 --- Samsung,null
ATRIX HD MB886 --- Samsung,null
XT760 --- Samsung,null
ATRIX TV XT687 --- Samsung,null
ATRIX TV XT682 --- Samsung,null
MotoGO TV EX440 --- Samsung,null
Motosmart Me XT303 --- Samsung,null
MOTOKEY 3-CHIP EX117 --- Samsung,null
RAZR V XT885 --- Samsung,null
RAZR V XT889 --- Samsung,null
RAZR V MT887 --- Samsung,null
MOTOSMART MIX XT550 --- Samsung,null
MotoGO EX430 --- Samsung,null
Motosmart Flip XT611 --- Samsung,null
XT390 --- Samsung,null
RAZR MAXX --- Samsung,null
DEFY XT535 --- Samsung,null
GLEAM+ WX308 --- Samsung,null
DROID 4 XT894 --- Samsung,null
DROID RAZR MAXX --- Samsung,null
Motoluxe MT680 --- Samsung,null
Motoluxe XT389 --- Samsung,null
Motoluxe --- Samsung,null
Defy Mini XT321 --- Samsung,null
Defy Mini XT320 --- Samsung,null
XT319 --- Samsung,null
WX306 --- Samsung,null
Fire --- Samsung,null
MT917 --- Samsung,null
XT928 --- Samsung,null
DROID XYBOARD 8.2 MZ609 --- Samsung,null
DROID XYBOARD 10.1 MZ617 --- Samsung,null
XT532 --- Samsung,null
MOTO XT615 --- Samsung,null
EX226 --- Samsung,null
Motokey Social --- Samsung,null
XOOM 2 Media Edition 3G MZ608 --- Samsung,null
XOOM 2 Media Edition MZ607 --- Samsung,null
XOOM 2 3G MZ616 --- Samsung,null
XOOM 2 MZ615 --- Samsung,null
XOOM Media Edition MZ505 --- Samsung,null
RAZR XT910 --- Samsung,null
DROID RAZR XT912 --- Samsung,null
ATRIX 2 MB865 --- Samsung,null
Admiral XT603 --- Samsung,null
ME632 --- Samsung,null
PRO+ --- Samsung,null
DEFY+ --- Samsung,null
EX212 --- Samsung,null
EX119 --- Samsung,null
MOTOKEY XT EX118 --- Samsung,null
MOTOKEY Mini EX109 --- Samsung,null
MOTOKEY Mini EX108 --- Samsung,null
WX294 --- Samsung,null
FIRE XT --- Samsung,null
FIRE XT311 --- Samsung,null
SPICE Key XT317 --- Samsung,null
SPICE Key --- Samsung,null
MILESTONE 3 XT860 --- Samsung,null
DROID 3 --- Samsung,null
Triumph --- Samsung,null
Photon 4G MB855 --- Samsung,null
EX232 --- Samsung,null
WILDER --- Samsung,null
MOTO MT870 --- Samsung,null
MOTO MT620 --- Samsung,null
Milestone XT883 --- Samsung,null
MOTO XT882 --- Samsung,null
MOTO XT316 --- Samsung,null
XPRT MB612 --- Samsung,null
GLEAM --- Samsung,null
PRO --- Samsung,null
XOOM MZ604 --- Samsung,null
XOOM MZ601 --- Samsung,null
XOOM MZ600 --- Samsung,null
ATRIX --- Samsung,null
ATRIX 4G --- Samsung,null
Cliq 2 --- Samsung,null
DROID BIONIC XT875 --- Samsung,null
DROID X ME811 --- Samsung,null
DROID BIONIC XT865 --- Samsung,null
MOTO ME525 --- Samsung,null
MILESTONE 2 ME722 --- Samsung,null
DROID 2 Global --- Samsung,null
EX122 --- Samsung,null
EX128 --- Samsung,null
MOTOTV EX245 --- Samsung,null
DROID PRO XT610 --- Samsung,null
XT301 --- Samsung,null
SPICE XT300 --- Samsung,null
FLIPSIDE MB508 --- Samsung,null
MOTO MT716 --- Samsung,null
BRAVO MB520 --- Samsung,null
CITRUS WX445 --- Samsung,null
EX300 --- Samsung,null
EX210 --- Samsung,null
EX201 --- Samsung,null
EX115 --- Samsung,null
EX112 --- Samsung,null
CUPE --- Samsung,null
DEFY --- Samsung,null
MILESTONE 2 --- Samsung,null
DROID 2 --- Samsung,null
MT810lx --- Samsung,null
XT810 --- Samsung,null
XT806 --- Samsung,null
A1260 --- Samsung,null
A1680 --- Samsung,null
Grasp WX404 --- Samsung,null
Rambler --- Samsung,null
CHARM --- Samsung,null
ES400 --- Samsung,null
DROID X2 --- Samsung,null
DROID X --- Samsung,null
MILESTONE XT720 --- Samsung,null
XT720 MOTOROI --- Samsung,null
Quench XT5 XT502 --- Samsung,null
Quench XT3 XT502 --- Samsung,null
FlipOut --- Samsung,null
WX295 --- Samsung,null
WX290 --- Samsung,null
WX265 --- Samsung,null
WX260 --- Samsung,null
WX181 --- Samsung,null
WX161 --- Samsung,null
QUENCH --- Samsung,null
BACKFLIP --- Samsung,null
XT800 ZHISHANG --- Samsung,null
XT701 --- Samsung,null
MT710 ZHILING --- Samsung,null
MOTO XT702 --- Samsung,null
MILESTONE --- Samsung,null
WX395 --- Samsung,null
WX390 --- Samsung,null
WX288 --- Samsung,null
WX280 --- Samsung,null
WX180 --- Samsung,null
WX160 --- Samsung,null
Motocubo A45 --- Samsung,null
DEXT MB220 --- Samsung,null
ROKR ZN50 --- Samsung,null
Karma QA1 --- Samsung,null
L800t --- Samsung,null
W7 Active Edition --- Samsung,null
ROKR W6 --- Samsung,null
MC55 --- Samsung,null
ZN300 --- Samsung,null
E11 --- Samsung,null
A3100 --- Samsung,null
A3000 --- Samsung,null
Tundra VA76r --- Samsung,null
W233 Renew --- Samsung,null
COCKTAIL VE70 --- Samsung,null
VE66 --- Samsung,null
EM35 --- Samsung,null
Aura --- Samsung,null
Q 11 --- Samsung,null
VE538 --- Samsung,null
RAZR2 V9x --- Samsung,null
ZN200 --- Samsung,null
W396 --- Samsung,null
W231 --- Samsung,null
EM30 --- Samsung,null
EM28 --- Samsung,null
EM25 --- Samsung,null
PEBL VU20 --- Samsung,null
MOTOACTV W450 --- Samsung,null
VE75 --- Samsung,null
ZN5 --- Samsung,null
A1210 --- Samsung,null
A1600 --- Samsung,null
A1890 --- Samsung,null
A1800 --- Samsung,null
A810 --- Samsung,null
W388 --- Samsung,null
Z9 --- Samsung,null
Z6w --- Samsung,null
Z6c --- Samsung,null
W181 --- Samsung,null
W177 --- Samsung,null
W161 --- Samsung,null
W270 --- Samsung,null
W230 --- Samsung,null
RIZR Z10 --- Samsung,null
ROKR E8 --- Samsung,null
W377 --- Samsung,null
W213 --- Samsung,null
W180 --- Samsung,null
W160 --- Samsung,null
U9 --- Samsung,null
V1100 --- Samsung,null
PEBL U3 --- Samsung,null
RAZR2 V9 --- Samsung,null
RAZR2 V8 --- Samsung,null
ROKR W5 --- Samsung,null
W490 --- Samsung,null
W395 --- Samsung,null
W380 --- Samsung,null
W360 --- Samsung,null
W218 --- Samsung,null
RIZR Z8 --- Samsung,null
KRZR K3 --- Samsung,null
SLVR L9 --- Samsung,null
Q 9h --- Samsung,null
Q8 --- Samsung,null
W510 --- Samsung,null
W215 --- Samsung,null
W205 --- Samsung,null
ROKR Z6 --- Samsung,null
ROKR E6 --- Samsung,null
SLVR L7e --- Samsung,null
RAZR maxx V6 --- Samsung,null
RAZR V3xx --- Samsung,null
RIZR Z3 --- Samsung,null
KRZR K1 --- Samsung,null
W209 --- Samsung,null
W375 --- Samsung,null
W208 --- Samsung,null
MOTOFONE F3 --- Samsung,null
W220 --- Samsung,null
V195 --- Samsung,null
V191 --- Samsung,null
ROKR E2 --- Samsung,null
RAZR V3i --- Samsung,null
ROKR E1 --- Samsung,null
A910 --- Samsung,null
A1200 --- Samsung,null
A728 --- Samsung,null
A732 --- Samsung,null
E895 --- Samsung,null
V3x --- Samsung,null
E1070 --- Samsung,null
E770 --- Samsung,null
SLVR L7 --- Samsung,null
PEBL U6 --- Samsung,null
A1010 --- Samsung,null
E1060 --- Samsung,null
E1120 --- Samsung,null
V1050 --- Samsung,null
C261 --- Samsung,null
C257 --- Samsung,null
C168 --- Samsung,null
C139 --- Samsung,null
C123 --- Samsung,null
C118 --- Samsung,null
C117 --- Samsung,null
C113a --- Samsung,null
C113 --- Samsung,null
C390 --- Samsung,null
E680i --- Samsung,null
V560 --- Samsung,null
V557 --- Samsung,null
V361 --- Samsung,null
V360 --- Samsung,null
L6 --- Samsung,null
L2 --- Samsung,null
V235 --- Samsung,null
V230 --- Samsung,null
V186 --- Samsung,null
V176 --- Samsung,null
E378i --- Samsung,null
V635 --- Samsung,null
A668 --- Samsung,null
V980 --- Samsung,null
C980 --- Samsung,null
V535 --- Samsung,null
V547 --- Samsung,null
E375 --- Samsung,null
RAZR V3 --- Samsung,null
A780 --- Samsung,null
Droid Bionic Targa --- Samsung,null
Droid XTreme --- Samsung,null
V975 --- Samsung,null
C975 --- Samsung,null
V620 --- Samsung,null
V555 --- Samsung,null
A840 --- Samsung,null
E680 --- Samsung,null
E398 --- Samsung,null
C650 --- Samsung,null
V226 --- Samsung,null
V188 --- Samsung,null
V171 --- Samsung,null
C155 --- Samsung,null
C116 --- Samsung,null
C115 --- Samsung,null
MPx --- Samsung,null
MPx220 --- Samsung,null
MPx100 --- Samsung,null
V872 --- Samsung,null
V1000 --- Samsung,null
E1000 --- Samsung,null
A1000 --- Samsung,null
A768i --- Samsung,null
A630 --- Samsung,null
C380/C385 --- Samsung,null
V80 --- Samsung,null
C289 --- Samsung,null
C205 --- Samsung,null
V400p --- Samsung,null
V220 --- Samsung,null
V180 --- Samsung,null
V878 --- Samsung,null
A925 --- Samsung,null
A920 --- Samsung,null
V750 --- Samsung,null
MPx200 --- Samsung,null
V690 --- Samsung,null
V525 --- Samsung,null
V501 --- Samsung,null
V500 --- Samsung,null
V303 --- Samsung,null
V300 --- Samsung,null
V600 --- Samsung,null
V150 --- Samsung,null
E390 --- Samsung,null
C550 --- Samsung,null
C450 --- Samsung,null
C250 --- Samsung,null
C230 --- Samsung,null
C200 --- Samsung,null
A835 --- Samsung,null
A830 --- Samsung,null
A760 --- Samsung,null
V295 --- Samsung,null
V291 --- Samsung,null
V290 --- Samsung,null
A388c --- Samsung,null
C350 --- Samsung,null
T725 --- Samsung,null
T720i --- Samsung,null
T720 --- Samsung,null
T190 --- Samsung,null
E380 --- Samsung,null
E365 --- Samsung,null
E360 --- Samsung,null
V70 --- Samsung,null
C336 --- Samsung,null
C333 --- Samsung,null
C332 --- Samsung,null
C331 --- Samsung,null
C300 --- Samsung,null
V60i --- Samsung,null
V66i --- Samsung,null
Accompli 388 --- Samsung,null
V60 --- Samsung,null
Accompli 008 --- Samsung,null
Timeport 280 --- Samsung,null
Timeport 260 --- Samsung,null
Timeport 250 --- Samsung,null
Talkabout T192 --- Samsung,null
Talkabout T191 --- Samsung,null
Accompli 009 --- Samsung,null
V.box(V100) --- Samsung,null
V66 --- Samsung,null
V50 --- Samsung,null
T180 --- Samsung,null
A6188 --- Samsung,null
v8088 --- Samsung,null
Talkabout T2288 --- Samsung,null
V2288 --- Samsung,null
Timeport P7389 --- Samsung,null
Timeport L7089 --- Samsung,null
V3690 --- Samsung,null
V3688 --- Samsung,null
StarTAC 130 --- Samsung,null
StarTAC 85 --- Samsung,null
StarTAC Rainbow --- Samsung,null
StarTAC 75+ --- Samsung,null
StarTAC 75 --- Samsung,null
SlimLite --- Samsung,null
cd930 --- Samsung,null
cd920 --- Samsung,null
M3188 --- Samsung,null
M3288 --- Samsung,null
M3588 --- Samsung,null
M3688 --- Samsung,null
M3788 --- Samsung,null
M3888 --- Samsung,null
d520 --- Samsung,null
Moto Z4 Force --- Samsung,null
Moto Z4 Play --- Samsung,null
P40 --- Samsung,null
3L (2020) --- Mitsubishi,null
1S (2020) --- Mitsubishi,null
1V (2020) --- Mitsubishi,null
1B (2020) --- Mitsubishi,null
3v (2019) --- Mitsubishi,null
3x (2019) --- Mitsubishi,null
1v (2019) --- Mitsubishi,null
Smart Tab 7 --- Mitsubishi,null
3T 10 --- Mitsubishi,null
3L --- Mitsubishi,null
3 (2019) --- Mitsubishi,null
1s --- Mitsubishi,null
1x (2019) --- Mitsubishi,null
1c (2019) --- Mitsubishi,null
1 --- Mitsubishi,null
Tetra --- Mitsubishi,null
7 --- Mitsubishi,null
5v --- Mitsubishi,null
5 --- Mitsubishi,null
3v --- Mitsubishi,null
3x --- Mitsubishi,null
3 --- Mitsubishi,null
1x --- Mitsubishi,null
3c --- Mitsubishi,null
3088 --- Mitsubishi,null
1T 10 --- Mitsubishi,null
1T 7 --- Mitsubishi,null
Idol 5s --- Mitsubishi,null
Idol 5 --- Mitsubishi,null
A7 XL --- Mitsubishi,null
A7 --- Mitsubishi,null
U5 HD --- Mitsubishi,null
Pulsemix --- Mitsubishi,null
Idol 5s (USA) --- Mitsubishi,null
Flash (2017) --- Mitsubishi,null
U5 --- Mitsubishi,null
A5 LED --- Mitsubishi,null
A3 --- Mitsubishi,null
A3 XL --- Mitsubishi,null
Shine Lite --- Mitsubishi,null
Pixi 4 Plus Power --- Mitsubishi,null
Fierce 4 --- Mitsubishi,null
X1 --- Mitsubishi,null
Pixi 4 (5) --- Mitsubishi,null
Flash Plus 2 --- Mitsubishi,null
Pop 7 LTE --- Mitsubishi,null
Pop 4S --- Mitsubishi,null
Pop 4+ --- Mitsubishi,null
Pop 4 --- Mitsubishi,null
Idol 4s Windows --- Mitsubishi,null
Idol 4s --- Mitsubishi,null
Idol 4 --- Mitsubishi,null
Fierce XL (Windows) --- Mitsubishi,null
CareTime --- Mitsubishi,null
Pixi 4 (7) --- Mitsubishi,null
Pixi 4 (6) 3G --- Mitsubishi,null
Pixi 4 (6) --- Mitsubishi,null
Pixi 4 (4) --- Mitsubishi,null
Pixi 4 (3.5) --- Mitsubishi,null
Pixi 3 (8) LTE --- Mitsubishi,null
Pop 3 (5.5) --- Mitsubishi,null
Pop 3 (5) --- Mitsubishi,null
Fierce XL --- Mitsubishi,null
Watch --- Mitsubishi,null
GO Watch --- Mitsubishi,null
Flash 2 --- Mitsubishi,null
10.16G --- Mitsubishi,null
2007 --- Mitsubishi,null
Idol 3C --- Mitsubishi,null
Pixi 3 (10) --- Mitsubishi,null
Pixi First --- Mitsubishi,null
Pop Up --- Mitsubishi,null
Pop Star LTE --- Mitsubishi,null
Pop Star --- Mitsubishi,null
Go Play --- Mitsubishi,null
Flash Plus --- Mitsubishi,null
Pop Astro --- Mitsubishi,null
Flash --- Mitsubishi,null
Idol 3 (5.5) --- Mitsubishi,null
Idol 3 (4.7) --- Mitsubishi,null
Orange Klif --- Mitsubishi,null
Pixi 3 (5.5) LTE --- Mitsubishi,null
Pixi 3 (5.5) --- Mitsubishi,null
Pixi 3 (8) 3G --- Mitsubishi,null
Pixi 3 (7) LTE --- Mitsubishi,null
Pixi 3 (7) 3G --- Mitsubishi,null
Pixi 3 (7) --- Mitsubishi,null
Pop 10 --- Mitsubishi,null
Pixi 3 (5) --- Mitsubishi,null
Pixi 3 (4.5) --- Mitsubishi,null
Pixi 3 (4) --- Mitsubishi,null
Pixi 3 (3.5) Firefox --- Mitsubishi,null
Pixi 3 (3.5) --- Mitsubishi,null
Pop D3 --- Mitsubishi,null
Pop D1 --- Mitsubishi,null
Pop Icon --- Mitsubishi,null
Fire C 2G --- Mitsubishi,null
Pop 2 (5) Premium --- Mitsubishi,null
Pop 2 (5) --- Mitsubishi,null
Pop 2 (4) --- Mitsubishi,null
Pop 2 (4.5) Dual SIM --- Mitsubishi,null
Pop 2 (4.5) --- Mitsubishi,null
Fierce 2 --- Mitsubishi,null
Evolve 2 --- Mitsubishi,null
Pop 8S --- Mitsubishi,null
Hero 8 --- Mitsubishi,null
Hero 2 --- Mitsubishi,null
Pixi 2 --- Mitsubishi,null
Pop D5 --- Mitsubishi,null
Pop C2 --- Mitsubishi,null
Pixi 8 --- Mitsubishi,null
2012 --- Mitsubishi,null
2010 --- Mitsubishi,null
2052 --- Mitsubishi,null
2040 --- Mitsubishi,null
2005 --- Mitsubishi,null
Pop 7S --- Mitsubishi,null
Pixi 7 --- Mitsubishi,null
Pop S9 --- Mitsubishi,null
Pop S7 --- Mitsubishi,null
Pop S3 --- Mitsubishi,null
Fire 7 --- Mitsubishi,null
Fire S --- Mitsubishi,null
Fire E --- Mitsubishi,null
Fire C --- Mitsubishi,null
Idol 2 S --- Mitsubishi,null
Idol 2 --- Mitsubishi,null
Idol 2 Mini S --- Mitsubishi,null
Idol 2 Mini --- Mitsubishi,null
Pop Fit --- Mitsubishi,null
2001 --- Mitsubishi,null
2000 --- Mitsubishi,null
Idol X+ --- Mitsubishi,null
Pop C9 --- Mitsubishi,null
Pop 8 --- Mitsubishi,null
Pop 7 --- Mitsubishi,null
Fierce --- Mitsubishi,null
Evolve --- Mitsubishi,null
Pop C7 --- Mitsubishi,null
Pop C5 --- Mitsubishi,null
Pop C3 --- Mitsubishi,null
Pop C1 --- Mitsubishi,null
Idol Alpha --- Mitsubishi,null
One Touch Evo 8HD --- Mitsubishi,null
Hero --- Mitsubishi,null
Idol S --- Mitsubishi,null
Idol Mini --- Mitsubishi,null
One Touch T10 --- Mitsubishi,null
One Touch Snap LTE --- Mitsubishi,null
One Touch Pixi --- Mitsubishi,null
One Touch Snap --- Mitsubishi,null
Idol X --- Mitsubishi,null
One Touch Fire --- Mitsubishi,null
One Touch Star --- Mitsubishi,null
One Touch Scribe Easy --- Mitsubishi,null
One Touch Evo 7 --- Mitsubishi,null
One Touch Evo 7 HD --- Mitsubishi,null
One Touch Tab 8 HD --- Mitsubishi,null
One Touch Tab 7 --- Mitsubishi,null
One Touch Tab 7 HD --- Mitsubishi,null
One Touch Idol Ultra --- Mitsubishi,null
One Touch Idol --- Mitsubishi,null
One Touch TPop --- Mitsubishi,null
One Touch SPop --- Mitsubishi,null
One Touch MPop --- Mitsubishi,null
One Touch XPop --- Mitsubishi,null
One Touch Scribe HD-LTE --- Mitsubishi,null
One Touch Scribe X --- Mitsubishi,null
One Touch Scribe HD --- Mitsubishi,null
View --- Mitsubishi,null
OT-983 --- Mitsubishi,null
OT-997D --- Mitsubishi,null
OT-997 --- Mitsubishi,null
OT-992D --- Mitsubishi,null
OT-978 --- Mitsubishi,null
OT-988 Shockwave --- Mitsubishi,null
OT-993 --- Mitsubishi,null
OT-903 --- Mitsubishi,null
OT-838 --- Mitsubishi,null
OT-668 --- Mitsubishi,null
OT-605 --- Mitsubishi,null
OT-986 --- Mitsubishi,null
OT-991 --- Mitsubishi,null
OT-916 --- Mitsubishi,null
OT-720 --- Mitsubishi,null
OT-902 --- Mitsubishi,null
OT-819 Soul --- Mitsubishi,null
OT-870 --- Mitsubishi,null
OT-595 --- Mitsubishi,null
OT-358 --- Mitsubishi,null
OT-310 --- Mitsubishi,null
OT-318D --- Mitsubishi,null
OT-317D --- Mitsubishi,null
OT-308 --- Mitsubishi,null
OT-282 --- Mitsubishi,null
OT-292 --- Mitsubishi,null
OT-228 --- Mitsubishi,null
OT-915 --- Mitsubishi,null
OT-985 --- Mitsubishi,null
OT-810D --- Mitsubishi,null
OT-810 --- Mitsubishi,null
OT-906 --- Mitsubishi,null
OT-995 --- Mitsubishi,null
OT-990 --- Mitsubishi,null
OT-910 --- Mitsubishi,null
OT-908F --- Mitsubishi,null
OT-908 --- Mitsubishi,null
OT-905 --- Mitsubishi,null
OT-900 --- Mitsubishi,null
OT-891 Soul --- Mitsubishi,null
OT-918 --- Mitsubishi,null
OT-918D --- Mitsubishi,null
OT-890D --- Mitsubishi,null
OT-890 --- Mitsubishi,null
OT-888 --- Mitsubishi,null
OT-818 --- Mitsubishi,null
OT-813F --- Mitsubishi,null
OT-807 --- Mitsubishi,null
OT-813D --- Mitsubishi,null
OT-803 --- Mitsubishi,null
OT-799 Play --- Mitsubishi,null
OT-690 --- Mitsubishi,null
OT-665 --- Mitsubishi,null
OT-602 --- Mitsubishi,null
OT-585 --- Mitsubishi,null
OT-506 --- Mitsubishi,null
OT-385 --- Mitsubishi,null
OT-361 --- Mitsubishi,null
OT-355 --- Mitsubishi,null
OT-330 --- Mitsubishi,null
OT-306 --- Mitsubishi,null
OT-223 --- Mitsubishi,null
OT-217 --- Mitsubishi,null
OT-213 --- Mitsubishi,null
OT-209 --- Mitsubishi,null
OT-117 --- Mitsubishi,null
OT-113 --- Mitsubishi,null
OT-112 --- Mitsubishi,null
OT-109 --- Mitsubishi,null
OT-105 --- Mitsubishi,null
OT-706 --- Mitsubishi,null
Net --- Mitsubishi,null
OT-808 --- Mitsubishi,null
OT-606 One Touch CHAT --- Mitsubishi,null
OT-255 --- Mitsubishi,null
OT-252 --- Mitsubishi,null
OT-710 --- Mitsubishi,null
OT-108 --- Mitsubishi,null
OT-216 --- Mitsubishi,null
OT-206 --- Mitsubishi,null
OT-909 One Touch MAX --- Mitsubishi,null
Miss Sixty --- Mitsubishi,null
OT-880 One Touch XTRA --- Mitsubishi,null
OT-208 --- Mitsubishi,null
OT-301 --- Mitsubishi,null
OT-300 --- Mitsubishi,null
OT-980 --- Mitsubishi,null
OT-806 --- Mitsubishi,null
OT-802 Wave --- Mitsubishi,null
OT-305 --- Mitsubishi,null
OT-380 --- Mitsubishi,null
OT-505 --- Mitsubishi,null
OT-508A --- Mitsubishi,null
OT-565 --- Mitsubishi,null
OT-106 --- Mitsubishi,null
OT-800 One Touch CHROME --- Mitsubishi,null
OT-800 One Touch Tribe --- Mitsubishi,null
OT-708 One Touch MINI --- Mitsubishi,null
OT-660 --- Mitsubishi,null
OT-383 --- Mitsubishi,null
OT-203 --- Mitsubishi,null
OT-103 --- Mitsubishi,null
OT-600 --- Mitsubishi,null
Crystal --- Mitsubishi,null
Miss Sixty 2009 --- Mitsubishi,null
ELLE GlamPhone --- Mitsubishi,null
OT-363 --- Mitsubishi,null
Roadsign --- Mitsubishi,null
OT-303 --- Mitsubishi,null
OT-222 --- Mitsubishi,null
OT-280 --- Mitsubishi,null
OT-202 --- Mitsubishi,null
OT-S121 --- Mitsubishi,null
OT-111 --- Mitsubishi,null
OT-102 --- Mitsubishi,null
Mandarina Duck Moon --- Mitsubishi,null
Mandarina Duck --- Mitsubishi,null
OT-I650 SPORT --- Mitsubishi,null
OT-I650 PRO --- Mitsubishi,null
OT-V770 --- Mitsubishi,null
OT-V670 --- Mitsubishi,null
OT-V607A --- Mitsubishi,null
OT-V570 --- Mitsubishi,null
OT-V270 --- Mitsubishi,null
OT-V212 --- Mitsubishi,null
OT-S626A --- Mitsubishi,null
OT-S521A --- Mitsubishi,null
OT-S520 --- Mitsubishi,null
OT-S621 --- Mitsubishi,null
OT-S920 --- Mitsubishi,null
OT-S320 --- Mitsubishi,null
OT-S319 --- Mitsubishi,null
OT-S218 --- Mitsubishi,null
OT-S215A --- Mitsubishi,null
OT-S211 --- Mitsubishi,null
OT-S210 --- Mitsubishi,null
OT-S120 --- Mitsubishi,null
OT-S107 --- Mitsubishi,null
ELLE No 3 --- Mitsubishi,null
OT-C825 --- Mitsubishi,null
OT-C717 --- Mitsubishi,null
OT-C707 --- Mitsubishi,null
OT-C701 --- Mitsubishi,null
OT-C700A --- Mitsubishi,null
OT-C507 --- Mitsubishi,null
OT-E227 --- Mitsubishi,null
OT-E225 --- Mitsubishi,null
OT-E221 --- Mitsubishi,null
OT-E207 --- Mitsubishi,null
OT-E205 --- Mitsubishi,null
OT-E201 --- Mitsubishi,null
OT-E101 --- Mitsubishi,null
Lollipops --- Mitsubishi,null
OT-E220 --- Mitsubishi,null
OT-E805 --- Mitsubishi,null
OT-E230 --- Mitsubishi,null
OT-C635 --- Mitsubishi,null
OT-C630 --- Mitsubishi,null
OT-E801 --- Mitsubishi,null
OT-E100 --- Mitsubishi,null
OT-C550 --- Mitsubishi,null
OT-E265 --- Mitsubishi,null
OT-E105 --- Mitsubishi,null
OT-E260 --- Mitsubishi,null
OT-C750 --- Mitsubishi,null
OT-S853 --- Mitsubishi,null
OT-S850 --- Mitsubishi,null
OT-C560 --- Mitsubishi,null
OT-C555 --- Mitsubishi,null
OT-C552 --- Mitsubishi,null
OT-C551 --- Mitsubishi,null
OT-C656 --- Mitsubishi,null
OT-C652 --- Mitsubishi,null
OT-C651 --- Mitsubishi,null
OT-E259 --- Mitsubishi,null
OT-E256 --- Mitsubishi,null
OT-E257 --- Mitsubishi,null
OT-E160 --- Mitsubishi,null
OT-E252 --- Mitsubishi,null
OT-E159 --- Mitsubishi,null
OT-E158 --- Mitsubishi,null
OT-E157 --- Mitsubishi,null
OT 757 --- Mitsubishi,null
OT 355 --- Mitsubishi,null
OT 156 --- Mitsubishi,null
OT 155 --- Mitsubishi,null
OT 153 --- Mitsubishi,null
OT 756 --- Mitsubishi,null
OT 557 --- Mitsubishi,null
OT 565 --- Mitsubishi,null
OT 556 --- Mitsubishi,null
OT 835 --- Mitsubishi,null
OT 735i --- Mitsubishi,null
OT 735 --- Mitsubishi,null
OT 535 --- Mitsubishi,null
OT 531 --- Mitsubishi,null
OT 332 --- Mitsubishi,null
OT 331 --- Mitsubishi,null
OT 526 --- Mitsubishi,null
OT 320 --- Mitsubishi,null
OT 525 --- Mitsubishi,null
OT 715 --- Mitsubishi,null
OT 512 --- Mitsubishi,null
OT 311 --- Mitsubishi,null
OT 511 --- Mitsubishi,null
OT 700 --- Mitsubishi,null
OT 500 --- Mitsubishi,null
OT 300 --- Mitsubishi,null
OT View db @ --- Mitsubishi,null
OT Pocket --- Mitsubishi,null
OT View db --- Mitsubishi,null
OT Max db --- Mitsubishi,null
OT Easy db --- Mitsubishi,null
OT Gum db --- Mitsubishi,null
OT Club db --- Mitsubishi,null
OT COM --- Mitsubishi,null
OT Pro --- Mitsubishi,null
OT Easy HF --- Mitsubishi,null
OT Easy --- Mitsubishi,null
OT Club --- Mitsubishi,null
OT Club + --- Mitsubishi,null
OT Max --- Mitsubishi,null
OT View --- Mitsubishi,null
HC 1000 --- Mitsubishi,null
HC 800 --- Mitsubishi,null
Eluga I7 (2019) --- Motorola,null
Eluga Ray 800 --- Motorola,null
P85 Nxt --- Motorola,null
Eluga Z1 Pro --- Motorola,null
Eluga Ray 530 --- Motorola,null
Eluga Ray 600 --- Motorola,null
Eluga X1 Pro --- Motorola,null
P90 --- Motorola,null
P95 --- Motorola,null
Eluga I7 --- Motorola,null
Eluga Ray 550 --- Motorola,null
P101 --- Motorola,null
P100 --- Motorola,null
Eluga I9 --- Motorola,null
Eluga C --- Motorola,null
P91 --- Motorola,null
Eluga I5 --- Motorola,null
Eluga A4 --- Motorola,null
P99 --- Motorola,null
Eluga I4 --- Motorola,null
Eluga Ray 500 --- Motorola,null
Eluga Ray 700 --- Motorola,null
P9 --- Motorola,null
Eluga I2 Activ --- Motorola,null
Eluga A3 Pro --- Motorola,null
Eluga A3 --- Motorola,null
P55 Max --- Motorola,null
Eluga i3 Mega --- Motorola,null
P85 --- Motorola,null
Eluga Ray --- Motorola,null
Eluga Mark 2 --- Motorola,null
Eluga Ray X --- Motorola,null
Eluga Ray Max --- Motorola,null
Eluga Pulse X --- Motorola,null
Eluga Pulse --- Motorola,null
P88 --- Motorola,null
P55 Novo --- Motorola,null
P77 --- Motorola,null
Eluga Tapp --- Motorola,null
Eluga Arc 2 --- Motorola,null
Eluga Note --- Motorola,null
Eluga A2 --- Motorola,null
Eluga I3 --- Motorola,null
Eluga I2 (2016) --- Motorola,null
Eluga Arc --- Motorola,null
P66 --- Motorola,null
Eluga Turbo --- Motorola,null
T50 --- Motorola,null
Eluga Mark --- Motorola,null
Eluga Switch --- Motorola,null
Eluga L2 --- Motorola,null
Eluga I2 --- Motorola,null
T45 --- Motorola,null
Eluga Icon --- Motorola,null
Eluga Z --- Motorola,null
Eluga L 4G --- Motorola,null
Eluga S mini --- Motorola,null
Eluga U2 --- Motorola,null
Eluga S --- Motorola,null
P61 --- Motorola,null
T41 --- Motorola,null
T40 --- Motorola,null
P55 --- Motorola,null
Eluga I --- Motorola,null
Lumix Smart Camera CM1 --- Motorola,null
Eluga A --- Motorola,null
Eluga U --- Motorola,null
P81 --- Motorola,null
T31 --- Motorola,null
T21 --- Motorola,null
P11 --- Motorola,null
T11 --- Motorola,null
P51 --- Motorola,null
P41 --- Motorola,null
Eluga Power --- Motorola,null
Eluga DL1 --- Motorola,null
Toughpad FZ-A1 --- Motorola,null
Toughpad JT-B1 --- Motorola,null
KX-TU311 --- Motorola,null
KX-TU301 --- Motorola,null
VS7 --- Motorola,null
VS6 --- Motorola,null
VS3 --- Motorola,null
VS2 --- Motorola,null
MX7 --- Motorola,null
MX6 --- Motorola,null
SA7 --- Motorola,null
SA6 --- Motorola,null
SC3 --- Motorola,null
A210 --- Motorola,null
X800 --- Motorola,null
Z800 --- Motorola,null
X700 --- Motorola,null
X500 --- Motorola,null
X400 --- Motorola,null
X300 --- Motorola,null
X200 --- Motorola,null
X100 --- Motorola,null
A500 --- Motorola,null
A200 --- Motorola,null
A100 Series --- Motorola,null
P341i --- Motorola,null
X68/X77 --- Motorola,null
X11 --- Motorola,null
G70 --- Motorola,null
G51 --- Motorola,null
X88 --- Motorola,null
X66 --- Motorola,null
X70 --- Motorola,null
G60 --- Motorola,null
G50 --- Motorola,null
GD55 --- Motorola,null
GD87 --- Motorola,null
GD67 --- Motorola,null
GD95 --- Motorola,null
GD75 --- Motorola,null
GD35 --- Motorola,null
GD93 --- Motorola,null
GD92 --- Motorola,null
GD90 --- Motorola,null
GD70 --- Motorola,null
GD30 --- Motorola,null
G600 --- Motorola,null
Xperia 5 --- Siemens,null
Xperia 1 --- Siemens,null
Xperia 10 Plus --- Siemens,null
Xperia 10 --- Siemens,null
Xperia L3 --- Siemens,null
Xperia XZ3 --- Siemens,null
Xperia XA2 Plus --- Siemens,null
Xperia XZ2 Premium --- Siemens,null
Xperia XZ2 --- Siemens,null
Xperia XZ2 Compact --- Siemens,null
Xperia XA2 Ultra --- Siemens,null
Xperia XA2 --- Siemens,null
Xperia L2 --- Siemens,null
Xperia R1 (Plus) --- Siemens,null
Xperia XZ1 --- Siemens,null
Xperia XA1 Plus --- Siemens,null
Xperia XZ1 Compact --- Siemens,null
Xperia L1 --- Siemens,null
Xperia XZs --- Siemens,null
Xperia XZ Premium --- Siemens,null
Xperia XA1 Ultra --- Siemens,null
Xperia XA1 --- Siemens,null
Xperia X Compact --- Siemens,null
Xperia XZ --- Siemens,null
Xperia E5 --- Siemens,null
Xperia XA Ultra --- Siemens,null
Xperia X Performance --- Siemens,null
Xperia X --- Siemens,null
Xperia XA Dual --- Siemens,null
Xperia XA --- Siemens,null
Xperia Z5 Premium Dual --- Siemens,null
Xperia Z5 Premium --- Siemens,null
Xperia Z5 Dual --- Siemens,null
Xperia Z5 --- Siemens,null
Xperia Z5 Compact --- Siemens,null
Xperia M5 Dual --- Siemens,null
Xperia M5 --- Siemens,null
Xperia C5 Ultra Dual --- Siemens,null
Xperia C5 Ultra --- Siemens,null
Xperia Z4v --- Siemens,null
Xperia Z3+ dual --- Siemens,null
Xperia Z3+ --- Siemens,null
Xperia C4 Dual --- Siemens,null
Xperia C4 --- Siemens,null
Xperia M4 Aqua Dual --- Siemens,null
Xperia M4 Aqua --- Siemens,null
Xperia Z4 Tablet WiFi --- Siemens,null
Xperia Z4 Tablet LTE --- Siemens,null
Xperia E4g --- Siemens,null
Xperia E4g Dual --- Siemens,null
Xperia E4 Dual --- Siemens,null
Xperia E4 --- Siemens,null
Xperia E3 Dual --- Siemens,null
Xperia E3 --- Siemens,null
Xperia Z3 Tablet Compact --- Siemens,null
Xperia Z3 Dual --- Siemens,null
Xperia Z3v --- Siemens,null
Xperia Z3 --- Siemens,null
Xperia Z3 Compact --- Siemens,null
Xperia M2 Aqua --- Siemens,null
Xperia C3 Dual --- Siemens,null
Xperia C3 --- Siemens,null
Xperia Z2a --- Siemens,null
Xperia T3 --- Siemens,null
SmartWatch 3 SWR50 --- Siemens,null
SmartWatch 2 SW2 --- Siemens,null
Xperia M2 --- Siemens,null
Xperia M2 dual --- Siemens,null
Xperia Z2 Tablet LTE --- Siemens,null
Xperia Z2 Tablet Wi-Fi --- Siemens,null
Xperia Z2 --- Siemens,null
Xperia E1 dual --- Siemens,null
Xperia E1 --- Siemens,null
Xperia T2 Ultra dual --- Siemens,null
Xperia T2 Ultra --- Siemens,null
Xperia Z1s --- Siemens,null
Xperia Z1 Compact --- Siemens,null
Xperia Z1 --- Siemens,null
Xperia Z Ultra --- Siemens,null
Xperia C --- Siemens,null
Xperia M --- Siemens,null
Xperia ZR --- Siemens,null
Xperia L --- Siemens,null
Xperia SP --- Siemens,null
Xperia Tablet Z LTE --- Siemens,null
Xperia Tablet Z Wi-Fi --- Siemens,null
Xperia Z --- Siemens,null
Xperia ZL --- Siemens,null
Xperia E dual --- Siemens,null
Xperia E --- Siemens,null
Xperia T LTE --- Siemens,null
Xperia Tablet S 3G --- Siemens,null
Xperia Tablet S --- Siemens,null
Xperia V --- Siemens,null
Xperia J --- Siemens,null
Xperia TX --- Siemens,null
Xperia T --- Siemens,null
Xperia SL --- Siemens,null
Xperia tipo dual --- Siemens,null
Xperia tipo --- Siemens,null
Xperia miro --- Siemens,null
Xperia go --- Siemens,null
Xperia acro S --- Siemens,null
Xperia SX SO-05D --- Siemens,null
Xperia GX SO-04D --- Siemens,null
Xperia acro HD SO-03D --- Siemens,null
Xperia acro HD SOI12 --- Siemens,null
Xperia neo L --- Siemens,null
Xperia sola --- Siemens,null
Xperia U --- Siemens,null
Xperia P --- Siemens,null
Xperia S --- Siemens,null
Xperia ion HSPA --- Siemens,null
Xperia ion LTE --- Siemens,null
Tablet P --- Siemens,null
Tablet P 3G --- Siemens,null
Tablet S 3G --- Siemens,null
Tablet S --- Siemens,null
CMD Z7 --- Siemens,null
CMD J70 --- Siemens,null
Xperia LT29i Hayabusa --- Siemens,null
CMD J7 --- Siemens,null
CMD MZ5 --- Siemens,null
CMD J6 --- Siemens,null
CMD J5 --- Siemens,null
CMD Z5 --- Siemens,null
CMD CD5 --- Siemens,null
CMD C1 --- Siemens,null
CMD Z1 plus --- Siemens,null
CMD Z1 --- Siemens,null
CM-DX 2000 --- Siemens,null
CM-DX 1000 --- Siemens,null
Xperia Z4 Compact --- Siemens,null
Xperia C670X --- Siemens,null
D 2403 --- Siemens,null
Xperia Z4 Ultra --- Siemens,null
Xperia E1 II --- Siemens,null
Xperia X Premium --- Siemens,null
Xperia M Ultra --- Siemens,null
Xperia H8541 --- Siemens,null
Xperia X Ultra --- Siemens,null
M430i/M900 --- Ericsson,null
M800 --- Ericsson,null
M420i/M760 --- Ericsson,null
M528 --- Ericsson,null
M520 --- Ericsson,null
M350 --- Ericsson,null
M750 --- Ericsson,null
M342i --- Ericsson,null
M341i/M720 --- Ericsson,null
M330 --- Ericsson,null
m21i --- Ericsson,null
M320 --- Ericsson,null
Trium Eclipse --- Ericsson,null
Trium Sirius --- Ericsson,null
Trium Neptune --- Ericsson,null
Trium Mars --- Ericsson,null
Trium Geo-@ --- Ericsson,null
Trium Mondo --- Ericsson,null
Trium xs --- Ericsson,null
Trium fx --- Ericsson,null
Trium Cosmo --- Ericsson,null
Trium Aria --- Ericsson,null
Trium Geo --- Ericsson,null
Trium Astral --- Ericsson,null
Trium Galaxy --- Ericsson,null
Galaxy Xcover Pro --- Panasonic,null
Galaxy Note10 Lite --- Panasonic,null
Galaxy S10 Lite --- Panasonic,null
Galaxy A01 --- Panasonic,null
Galaxy A71 --- Panasonic,null
Galaxy A51 --- Panasonic,null
Galaxy Xcover FieldPro --- Panasonic,null
Galaxy A70s --- Panasonic,null
Galaxy A20s --- Panasonic,null
Galaxy M30s --- Panasonic,null
Galaxy M10s --- Panasonic,null
Galaxy Fold 5G --- Panasonic,null
Galaxy Fold --- Panasonic,null
Galaxy Tab Active Pro --- Panasonic,null
Galaxy A90 5G --- Panasonic,null
Galaxy A30s --- Panasonic,null
Galaxy A50s --- Panasonic,null
Galaxy Note10+ 5G --- Panasonic,null
Galaxy Note10+ --- Panasonic,null
Galaxy Note10 5G --- Panasonic,null
Galaxy Note10 --- Panasonic,null
Galaxy Watch Active2 --- Panasonic,null
Galaxy Watch Active2 Aluminum --- Panasonic,null
Galaxy A10s --- Panasonic,null
Galaxy A10e --- Panasonic,null
Galaxy Tab S6 --- Panasonic,null
Galaxy Tab A 8.0 (2019) --- Panasonic,null
Galaxy Xcover 4s --- Panasonic,null
Galaxy A2 Core --- Panasonic,null
Galaxy Watch Active --- Panasonic,null
Galaxy View2 --- Panasonic,null
Galaxy S10 5G --- Panasonic,null
Galaxy S10+ --- Panasonic,null
Galaxy S10 --- Panasonic,null
Galaxy S10e --- Panasonic,null
Galaxy M40 --- Panasonic,null
Galaxy M30 --- Panasonic,null
Galaxy M20 --- Panasonic,null
Galaxy M10 --- Panasonic,null
Galaxy A80 --- Panasonic,null
Galaxy A70 --- Panasonic,null
Galaxy A60 --- Panasonic,null
Galaxy A50 --- Panasonic,null
Galaxy A40 --- Panasonic,null
Galaxy A30 --- Panasonic,null
Galaxy A20e --- Panasonic,null
Galaxy A20 --- Panasonic,null
Galaxy A10 --- Panasonic,null
Galaxy Tab S5e --- Panasonic,null
Galaxy Tab A 10.1 (2019) --- Panasonic,null
Galaxy Tab A 8.0 & S Pen (2019) --- Panasonic,null
Galaxy Tab Advanced2 --- Panasonic,null
Galaxy Tab A 8.0 (2018) --- Panasonic,null
Galaxy Tab S4 10.5 --- Panasonic,null
Galaxy Tab A 10.5 --- Panasonic,null
Galaxy A8s --- Panasonic,null
Galaxy A6s --- Panasonic,null
Galaxy A9 (2018) --- Panasonic,null
Galaxy A7 (2018) --- Panasonic,null
Galaxy Note9 --- Panasonic,null
Galaxy Watch --- Panasonic,null
Galaxy J6+ --- Panasonic,null
Galaxy J4 Core --- Panasonic,null
Galaxy J4+ --- Panasonic,null
Galaxy J2 Core --- Panasonic,null
Galaxy On6 --- Panasonic,null
Galaxy J7 (2018) --- Panasonic,null
Galaxy J3 (2018) --- Panasonic,null
Galaxy A8 Star (A9 Star) --- Panasonic,null
Galaxy S Light Luxury --- Panasonic,null
Galaxy J8 --- Panasonic,null
Galaxy J6 --- Panasonic,null
Galaxy J4 --- Panasonic,null
Galaxy A6+ (2018) --- Panasonic,null
Galaxy A6 (2018) --- Panasonic,null
Galaxy J7 Duo --- Panasonic,null
Galaxy J7 Prime 2 --- Panasonic,null
Galaxy S9+ --- Panasonic,null
Galaxy S9 --- Panasonic,null
Galaxy J2 Pro (2018) --- Panasonic,null
Galaxy A8+ (2018) --- Panasonic,null
Galaxy A8 (2018) --- Panasonic,null
Galaxy J2 (2017) --- Panasonic,null
Galaxy Tab Active 2 --- Panasonic,null
Galaxy Tab A 8.0 (2017) --- Panasonic,null
Galaxy C7 (2017) --- Panasonic,null
Gear Sport --- Panasonic,null
Galaxy Note8 --- Panasonic,null
Galaxy S8 Active --- Panasonic,null
Galaxy J7 V --- Panasonic,null
Galaxy Note FE --- Panasonic,null
Galaxy J7 Max --- Panasonic,null
Galaxy J7 Pro --- Panasonic,null
Galaxy J7 (2017) --- Panasonic,null
Galaxy J5 (2017) --- Panasonic,null
Galaxy J3 (2017) --- Panasonic,null
Galaxy Folder2 --- Panasonic,null
Z4 --- Panasonic,null
Galaxy S8 --- Panasonic,null
Galaxy S8+ --- Panasonic,null
Gear S3 classic LTE --- Panasonic,null
Galaxy C5 Pro --- Panasonic,null
Galaxy Xcover 4 --- Panasonic,null
Galaxy Tab S3 9.7 --- Panasonic,null
Galaxy J1 mini prime --- Panasonic,null
Galaxy J3 Emerge --- Panasonic,null
Galaxy C7 Pro --- Panasonic,null
Galaxy A7 (2017) --- Panasonic,null
Galaxy A5 (2017) --- Panasonic,null
Galaxy A3 (2017) --- Panasonic,null
Galaxy Grand Prime Plus --- Panasonic,null
Galaxy J2 Prime --- Panasonic,null
Galaxy C9 Pro --- Panasonic,null
Galaxy C10 --- Panasonic,null
Galaxy A8 (2016) --- Panasonic,null
Galaxy On8 --- Panasonic,null
Galaxy On7 (2016) --- Panasonic,null
Gear S3 classic --- Panasonic,null
Gear S3 frontier --- Panasonic,null
Gear S3 frontier LTE --- Panasonic,null
Galaxy J5 Prime --- Panasonic,null
Galaxy J7 Prime --- Panasonic,null
Z2 --- Panasonic,null
Galaxy Note7 (USA) --- Panasonic,null
Galaxy Note7 --- Panasonic,null
Galaxy On7 Pro --- Panasonic,null
Galaxy On5 Pro --- Panasonic,null
Galaxy Tab J --- Panasonic,null
Galaxy J Max --- Panasonic,null
Galaxy J2 Pro (2016) --- Panasonic,null
Galaxy J2 (2016) --- Panasonic,null
Z3 Corporate --- Panasonic,null
Galaxy Xcover 3 G389F --- Panasonic,null
Galaxy S7 active --- Panasonic,null
Galaxy J3 Pro --- Panasonic,null
Galaxy C7 --- Panasonic,null
Galaxy C5 --- Panasonic,null
Galaxy A9 Pro (2016) --- Panasonic,null
Galaxy J7 (2016) --- Panasonic,null
Galaxy J5 (2016) --- Panasonic,null
Galaxy Tab A 10.1 (2016) --- Panasonic,null
Galaxy Tab A 7.0 (2016) --- Panasonic,null
Galaxy S7 --- Panasonic,null
Galaxy S7 edge --- Panasonic,null
Galaxy S7 edge (USA) --- Panasonic,null
Galaxy S7 (USA) --- Panasonic,null
Galaxy J1 Nxt --- Panasonic,null
Gear S2 classic 3G --- Panasonic,null
Galaxy Tab E 8.0 --- Panasonic,null
Galaxy J1 (2016) --- Panasonic,null
Galaxy A9 (2016) --- Panasonic,null
Galaxy A7 (2016) --- Panasonic,null
Galaxy A5 (2016) --- Panasonic,null
Galaxy A3 (2016) --- Panasonic,null
Galaxy Express Prime --- Panasonic,null
Galaxy J3 (2016) --- Panasonic,null
Galaxy View --- Panasonic,null
Galaxy On7 --- Panasonic,null
Galaxy On5 --- Panasonic,null
Z3 --- Panasonic,null
Galaxy J1 Ace --- Panasonic,null
Gear S2 classic --- Panasonic,null
Gear S2 --- Panasonic,null
Gear S2 3G --- Panasonic,null
Galaxy Note5 (USA) --- Panasonic,null
Galaxy Note5 --- Panasonic,null
Galaxy Note5 Duos --- Panasonic,null
Galaxy S6 edge+ (USA) --- Panasonic,null
Galaxy S6 edge+ --- Panasonic,null
Galaxy S6 edge+ Duos --- Panasonic,null
Galaxy S5 Neo --- Panasonic,null
Galaxy S4 mini I9195I --- Panasonic,null
Galaxy Folder --- Panasonic,null
Galaxy Tab S2 9.7 --- Panasonic,null
Galaxy Tab S2 8.0 --- Panasonic,null
Galaxy A8 Duos --- Panasonic,null
Galaxy A8 --- Panasonic,null
Galaxy V Plus --- Panasonic,null
Galaxy J7 --- Panasonic,null
Galaxy J7 Nxt --- Panasonic,null
Galaxy J5 --- Panasonic,null
Galaxy Tab 4 10.1 (2015) --- Panasonic,null
Galaxy Tab E 9.6 --- Panasonic,null
Guru Plus --- Panasonic,null
Metro 360 --- Panasonic,null
Xcover 550 --- Panasonic,null
Galaxy S6 active --- Panasonic,null
Galaxy Tab 3 V --- Panasonic,null
Galaxy Tab A 9.7 & S Pen --- Panasonic,null
Galaxy Tab A 9.7 --- Panasonic,null
Galaxy Tab A 8.0 & S Pen (2015) --- Panasonic,null
Galaxy Tab A 8.0 (2015) --- Panasonic,null
Galaxy Xcover 3 --- Panasonic,null
Galaxy S6 edge (USA) --- Panasonic,null
Galaxy S6 (USA) --- Panasonic,null
Galaxy S6 edge --- Panasonic,null
Galaxy S6 Plus --- Panasonic,null
Galaxy S6 Duos --- Panasonic,null
Galaxy S6 --- Panasonic,null
Galaxy J1 4G --- Panasonic,null
Galaxy J1 --- Panasonic,null
Galaxy J2 --- Panasonic,null
Galaxy Tab 3 Lite 7.0 VE --- Panasonic,null
Z1 --- Panasonic,null
Galaxy A7 Duos --- Panasonic,null
Galaxy A7 --- Panasonic,null
Galaxy Grand Max --- Panasonic,null
Galaxy E7 --- Panasonic,null
Galaxy E5 --- Panasonic,null
Galaxy Core Prime --- Panasonic,null
Galaxy A5 Duos --- Panasonic,null
Galaxy A5 --- Panasonic,null
Galaxy A3 Duos --- Panasonic,null
Galaxy A3 --- Panasonic,null
Galaxy S5 Plus --- Panasonic,null
Galaxy Pocket 2 --- Panasonic,null
